Date,Weekly West Coast Regular Conventional Retail Gasoline Prices  (Dollars per Gallon),Sourcekey,EMM_EPMRU_PTE_R50_DPG
20-Aug-90,,,
27-Aug-90,,,
3-Sep-90,,,
10-Sep-90,,,
17-Sep-90,,,
24-Sep-90,,,
1-Oct-90,,,
8-Oct-90,,,
15-Oct-90,,,
22-Oct-90,,,
29-Oct-90,,,
5-Nov-90,,,
12-Nov-90,,,
19-Nov-90,,,
26-Nov-90,,,
3-Dec-90,,,
10-Dec-90,,,
17-Dec-90,,,
24-Dec-90,,,
31-Dec-90,,,
7-Jan-91,,,
14-Jan-91,,,
21-Jan-91,,,
28-Jan-91,,,
4-Feb-91,,,
11-Feb-91,,,
18-Feb-91,,,
25-Feb-91,,,
4-Mar-91,,,
11-Mar-91,,,
18-Mar-91,,,
25-Mar-91,,,
1-Apr-91,,,
8-Apr-91,,,
15-Apr-91,,,
22-Apr-91,,,
29-Apr-91,,,
6-May-91,,,
13-May-91,,,
20-May-91,,,
27-May-91,,,
3-Jun-91,,,
10-Jun-91,,,
17-Jun-91,,,
24-Jun-91,,,
1-Jul-91,,,
8-Jul-91,,,
15-Jul-91,,,
22-Jul-91,,,
29-Jul-91,,,
5-Aug-91,,,
12-Aug-91,,,
19-Aug-91,,,
26-Aug-91,,,
2-Sep-91,,,
9-Sep-91,,,
16-Sep-91,,,
23-Sep-91,,,
30-Sep-91,,,
7-Oct-91,,,
14-Oct-91,,,
21-Oct-91,,,
28-Oct-91,,,
4-Nov-91,,,
11-Nov-91,,,
18-Nov-91,,,
25-Nov-91,,,
2-Dec-91,,,
9-Dec-91,,,
16-Dec-91,,,
23-Dec-91,,,
30-Dec-91,,,
6-Jan-92,,,
13-Jan-92,,,
20-Jan-92,,,
27-Jan-92,,,
3-Feb-92,,,
10-Feb-92,,,
17-Feb-92,,,
24-Feb-92,,,
2-Mar-92,,,
9-Mar-92,,,
16-Mar-92,,,
23-Mar-92,,,
30-Mar-92,,,
6-Apr-92,,,
13-Apr-92,,,
20-Apr-92,,,
27-Apr-92,,,
4-May-92,,,
11-May-92,1.189,,
18-May-92,1.208,,
25-May-92,1.218,,
1-Jun-92,1.228,,
8-Jun-92,1.246,,
15-Jun-92,1.252,,
22-Jun-92,1.263,,
29-Jun-92,1.264,,
6-Jul-92,1.267,,
13-Jul-92,1.265,,
20-Jul-92,1.265,,
27-Jul-92,1.265,,
3-Aug-92,1.263,,
10-Aug-92,1.261,,
17-Aug-92,1.254,,
24-Aug-92,1.247,,
31-Aug-92,1.245,,
7-Sep-92,1.239,,
14-Sep-92,1.24,,
21-Sep-92,1.236,,
28-Sep-92,1.237,,
5-Oct-92,1.224,,
12-Oct-92,1.229,,
19-Oct-92,1.233,,
26-Oct-92,1.235,,
2-Nov-92,1.245,,
9-Nov-92,1.248,,
16-Nov-92,1.246,,
23-Nov-92,1.242,,
30-Nov-92,1.237,,
7-Dec-92,1.23,,
14-Dec-92,1.222,,
21-Dec-92,1.218,,
28-Dec-92,1.214,,
4-Jan-93,1.21,,
11-Jan-93,1.209,,
18-Jan-93,1.211,,
25-Jan-93,1.209,,
1-Feb-93,1.204,,
8-Feb-93,1.197,,
15-Feb-93,1.189,,
22-Feb-93,1.189,,
1-Mar-93,1.178,,
8-Mar-93,1.165,,
15-Mar-93,1.162,,
22-Mar-93,1.157,,
29-Mar-93,1.152,,
5-Apr-93,1.152,,
12-Apr-93,1.154,,
19-Apr-93,1.155,,
26-Apr-93,1.157,,
3-May-93,1.161,,
10-May-93,1.171,,
17-May-93,1.177,,
24-May-93,1.178,,
31-May-93,1.186,,
7-Jun-93,1.188,,
14-Jun-93,1.188,,
21-Jun-93,1.186,,
28-Jun-93,1.182,,
5-Jul-93,1.181,,
12-Jul-93,1.177,,
19-Jul-93,1.172,,
26-Jul-93,1.168,,
2-Aug-93,1.158,,
9-Aug-93,1.159,,
16-Aug-93,1.154,,
23-Aug-93,1.155,,
30-Aug-93,1.155,,
6-Sep-93,1.154,,
13-Sep-93,1.155,,
20-Sep-93,1.165,,
27-Sep-93,1.171,,
4-Oct-93,1.22,,
11-Oct-93,1.215,,
18-Oct-93,1.209,,
25-Oct-93,1.202,,
1-Nov-93,1.198,,
8-Nov-93,1.186,,
15-Nov-93,1.176,,
22-Nov-93,1.167,,
29-Nov-93,1.159,,
6-Dec-93,1.147,,
13-Dec-93,1.134,,
20-Dec-93,1.122,,
27-Dec-93,1.12,,
3-Jan-94,1.117,,
10-Jan-94,1.111,,
17-Jan-94,1.106,,
24-Jan-94,1.104,,
31-Jan-94,1.104,,
7-Feb-94,1.105,,
14-Feb-94,1.106,,
21-Feb-94,1.11,,
28-Feb-94,1.112,,
7-Mar-94,1.108,,
14-Mar-94,1.109,,
21-Mar-94,1.115,,
28-Mar-94,1.114,,
4-Apr-94,1.115,,
11-Apr-94,1.117,,
18-Apr-94,1.128,,
25-Apr-94,1.133,,
2-May-94,1.14,,
9-May-94,1.142,,
16-May-94,1.146,,
23-May-94,1.15,,
30-May-94,1.152,,
6-Jun-94,1.163,,
13-Jun-94,1.166,,
20-Jun-94,1.17,,
27-Jun-94,1.179,,
4-Jul-94,1.184,,
11-Jul-94,1.195,,
18-Jul-94,1.199,,
25-Jul-94,1.205,,
1-Aug-94,1.215,,
8-Aug-94,1.223,,
15-Aug-94,1.225,,
22-Aug-94,1.227,,
29-Aug-94,1.227,,
5-Sep-94,1.227,,
12-Sep-94,1.226,,
19-Sep-94,1.225,,
26-Sep-94,1.222,,
3-Oct-94,1.231,,
10-Oct-94,1.231,,
17-Oct-94,1.229,,
24-Oct-94,1.227,,
31-Oct-94,1.228,,
7-Nov-94,1.228,,
14-Nov-94,1.233,,
21-Nov-94,1.229,,
28-Nov-94,,,
5-Dec-94,,,
12-Dec-94,,,
19-Dec-94,,,
26-Dec-94,,,
2-Jan-95,1.234,,
9-Jan-95,1.235,,
16-Jan-95,1.229,,
23-Jan-95,1.225,,
30-Jan-95,1.222,,
6-Feb-95,1.216,,
13-Feb-95,1.212,,
20-Feb-95,1.209,,
27-Feb-95,1.209,,
6-Mar-95,1.207,,
13-Mar-95,1.207,,
20-Mar-95,1.207,,
27-Mar-95,1.2,,
3-Apr-95,1.206,,
10-Apr-95,1.217,,
17-Apr-95,1.225,,
24-Apr-95,1.237,,
1-May-95,1.248,,
8-May-95,1.258,,
15-May-95,1.265,,
22-May-95,1.272,,
29-May-95,1.277,,
5-Jun-95,1.279,,
12-Jun-95,1.277,,
19-Jun-95,1.278,,
26-Jun-95,1.278,,
3-Jul-95,1.279,,
10-Jul-95,1.283,,
17-Jul-95,1.281,,
24-Jul-95,1.279,,
31-Jul-95,1.277,,
7-Aug-95,1.277,,
14-Aug-95,1.275,,
21-Aug-95,1.279,,
28-Aug-95,1.272,,
4-Sep-95,1.275,,
11-Sep-95,1.273,,
18-Sep-95,1.272,,
25-Sep-95,1.269,,
2-Oct-95,1.27,,
9-Oct-95,1.265,,
16-Oct-95,1.262,,
23-Oct-95,1.264,,
30-Oct-95,1.258,,
6-Nov-95,1.26,,
13-Nov-95,1.256,,
20-Nov-95,1.254,,
27-Nov-95,1.252,,
4-Dec-95,1.25,,
11-Dec-95,1.244,,
18-Dec-95,1.244,,
25-Dec-95,1.245,,
1-Jan-96,1.247,,
8-Jan-96,1.241,,
15-Jan-96,1.239,,
22-Jan-96,1.236,,
29-Jan-96,1.232,,
5-Feb-96,1.231,,
12-Feb-96,1.225,,
19-Feb-96,1.223,,
26-Feb-96,1.224,,
4-Mar-96,1.23,,
11-Mar-96,1.247,,
18-Mar-96,1.26,,
25-Mar-96,1.276,,
1-Apr-96,1.296,,
8-Apr-96,1.321,,
15-Apr-96,1.35,,
22-Apr-96,1.403,,
29-Apr-96,1.441,,
6-May-96,1.467,,
13-May-96,1.48,,
20-May-96,1.478,,
27-May-96,1.484,,
3-Jun-96,1.473,,
10-Jun-96,1.474,,
17-Jun-96,1.461,,
24-Jun-96,1.456,,
1-Jul-96,1.449,,
8-Jul-96,1.445,,
15-Jul-96,1.439,,
22-Jul-96,1.437,,
29-Jul-96,1.435,,
5-Aug-96,1.432,,
12-Aug-96,1.428,,
19-Aug-96,1.417,,
26-Aug-96,1.42,,
2-Sep-96,1.407,,
9-Sep-96,1.399,,
16-Sep-96,1.395,,
23-Sep-96,1.395,,
30-Sep-96,1.392,,
7-Oct-96,1.39,,
14-Oct-96,1.384,,
21-Oct-96,1.38,,
28-Oct-96,1.374,,
4-Nov-96,1.349,,
11-Nov-96,1.343,,
18-Nov-96,1.328,,
25-Nov-96,1.312,,
2-Dec-96,1.305,,
9-Dec-96,1.29,,
16-Dec-96,1.28,,
23-Dec-96,1.276,,
30-Dec-96,1.279,,
6-Jan-97,1.282,,
13-Jan-97,1.29,,
20-Jan-97,1.303,,
27-Jan-97,1.31,,
3-Feb-97,1.318,,
10-Feb-97,1.324,,
17-Feb-97,1.329,,
24-Feb-97,1.333,,
3-Mar-97,1.332,,
10-Mar-97,1.334,,
17-Mar-97,1.334,,
24-Mar-97,1.334,,
31-Mar-97,1.343,,
7-Apr-97,1.348,,
14-Apr-97,1.35,,
21-Apr-97,1.351,,
28-Apr-97,1.349,,
5-May-97,1.344,,
12-May-97,1.342,,
19-May-97,1.335,,
26-May-97,1.329,,
2-Jun-97,1.324,,
9-Jun-97,1.314,,
16-Jun-97,1.307,,
23-Jun-97,1.298,,
30-Jun-97,1.295,,
7-Jul-97,1.288,,
14-Jul-97,1.283,,
21-Jul-97,1.28,,
28-Jul-97,1.276,,
4-Aug-97,1.28,,
11-Aug-97,1.301,,
18-Aug-97,1.322,,
25-Aug-97,1.347,,
1-Sep-97,1.368,,
8-Sep-97,1.383,,
15-Sep-97,1.39,,
22-Sep-97,1.39,,
29-Sep-97,1.389,,
6-Oct-97,1.388,,
13-Oct-97,1.385,,
20-Oct-97,1.383,,
27-Oct-97,1.377,,
3-Nov-97,1.372,,
10-Nov-97,1.364,,
17-Nov-97,1.356,,
24-Nov-97,1.345,,
1-Dec-97,1.336,,
8-Dec-97,1.323,,
15-Dec-97,1.311,,
22-Dec-97,1.3,,
29-Dec-97,1.295,,
5-Jan-98,1.289,,
12-Jan-98,1.277,,
19-Jan-98,1.26,,
26-Jan-98,1.247,,
2-Feb-98,1.228,,
9-Feb-98,1.211,,
16-Feb-98,1.194,,
23-Feb-98,1.174,,
2-Mar-98,1.15,,
9-Mar-98,1.134,,
16-Mar-98,1.117,,
23-Mar-98,1.104,,
30-Mar-98,1.112,,
6-Apr-98,1.119,,
13-Apr-98,1.125,,
20-Apr-98,1.128,,
27-Apr-98,1.133,,
4-May-98,1.155,,
11-May-98,1.178,,
18-May-98,1.162,,
25-May-98,1.165,,
1-Jun-98,1.164,,
8-Jun-98,1.161,,
15-Jun-98,1.16,,
22-Jun-98,1.16,,
29-Jun-98,1.157,,
6-Jul-98,1.154,,
13-Jul-98,1.154,,
20-Jul-98,1.152,,
27-Jul-98,1.148,,
3-Aug-98,1.141,,
10-Aug-98,1.141,,
17-Aug-98,1.141,,
24-Aug-98,1.14,,
31-Aug-98,1.136,,
7-Sep-98,1.131,,
14-Sep-98,1.127,,
21-Sep-98,1.128,,
28-Sep-98,1.129,,
5-Oct-98,1.127,,
12-Oct-98,1.124,,
19-Oct-98,1.121,,
26-Oct-98,1.119,,
2-Nov-98,1.116,,
9-Nov-98,1.114,,
16-Nov-98,1.114,,
23-Nov-98,1.109,,
30-Nov-98,1.102,,
7-Dec-98,1.1,,
14-Dec-98,1.091,,
21-Dec-98,1.082,,
28-Dec-98,1.078,,
4-Jan-99,1.078,,
11-Jan-99,1.07,,
18-Jan-99,1.062,,
25-Jan-99,1.059,,
1-Feb-99,1.049,,
8-Feb-99,1.04,,
15-Feb-99,1.033,,
22-Feb-99,1.025,,
1-Mar-99,1.027,,
8-Mar-99,1.061,,
15-Mar-99,1.098,,
22-Mar-99,1.132,,
29-Mar-99,1.254,,
5-Apr-99,1.355,,
12-Apr-99,1.407,,
19-Apr-99,1.402,,
26-Apr-99,1.388,,
3-May-99,1.374,,
10-May-99,1.361,,
17-May-99,1.348,,
24-May-99,1.327,,
31-May-99,1.307,,
7-Jun-99,1.293,,
14-Jun-99,1.299,,
21-Jun-99,1.324,,
28-Jun-99,1.331,,
5-Jul-99,1.331,,
12-Jul-99,1.343,,
19-Jul-99,1.373,,
26-Jul-99,1.395,,
2-Aug-99,1.403,,
9-Aug-99,1.418,,
16-Aug-99,1.422,,
23-Aug-99,1.422,,
30-Aug-99,1.417,,
6-Sep-99,1.409,,
13-Sep-99,1.401,,
20-Sep-99,1.391,,
27-Sep-99,1.379,,
4-Oct-99,1.37,,
11-Oct-99,1.37,,
18-Oct-99,1.365,,
25-Oct-99,1.358,,
1-Nov-99,1.351,,
8-Nov-99,1.343,,
15-Nov-99,1.342,,
22-Nov-99,1.347,,
29-Nov-99,1.353,,
6-Dec-99,1.362,,
13-Dec-99,1.359,,
20-Dec-99,1.354,,
27-Dec-99,1.352,,
3-Jan-00,1.353,,
10-Jan-00,1.351,,
17-Jan-00,1.35,,
24-Jan-00,1.356,,
31-Jan-00,1.374,,
7-Feb-00,1.38,,
14-Feb-00,1.385,,
21-Feb-00,1.416,,
28-Feb-00,1.469,,
6-Mar-00,1.53,,
13-Mar-00,1.592,,
20-Mar-00,1.659,,
27-Mar-00,1.671,,
3-Apr-00,1.669,,
10-Apr-00,1.656,,
17-Apr-00,1.637,,
24-Apr-00,1.621,,
1-May-00,1.602,,
8-May-00,1.591,,
15-May-00,1.577,,
22-May-00,1.57,,
29-May-00,1.562,,
5-Jun-00,1.557,,
12-Jun-00,1.556,,
19-Jun-00,1.556,,
26-Jun-00,1.576,,
3-Jul-00,1.612,,
10-Jul-00,1.633,,
17-Jul-00,1.634,,
24-Jul-00,1.631,,
31-Jul-00,1.624,,
7-Aug-00,1.618,,
14-Aug-00,1.621,,
21-Aug-00,1.628,,
28-Aug-00,1.649,,
4-Sep-00,1.687,,
11-Sep-00,1.708,,
18-Sep-00,1.711,,
25-Sep-00,1.713,,
2-Oct-00,1.712,,
9-Oct-00,1.712,,
16-Oct-00,1.708,,
23-Oct-00,1.702,,
30-Oct-00,1.701,,
6-Nov-00,1.691,,
13-Nov-00,1.681,,
20-Nov-00,1.667,,
27-Nov-00,1.658,,
4-Dec-00,1.647,,
11-Dec-00,1.629,,
18-Dec-00,1.604,,
25-Dec-00,1.585,,
1-Jan-01,1.562,,
8-Jan-01,1.549,,
15-Jan-01,1.528,,
22-Jan-01,1.511,,
29-Jan-01,1.502,,
5-Feb-01,1.505,,
12-Feb-01,1.525,,
19-Feb-01,1.539,,
26-Feb-01,1.546,,
5-Mar-01,1.552,,
12-Mar-01,1.551,,
19-Mar-01,1.549,,
26-Mar-01,1.545,,
2-Apr-01,1.542,,
9-Apr-01,1.547,,
16-Apr-01,1.552,,
23-Apr-01,1.555,,
30-Apr-01,1.569,,
7-May-01,1.581,,
14-May-01,1.591,,
21-May-01,1.601,,
28-May-01,1.621,,
4-Jun-01,1.625,,
11-Jun-01,1.624,,
18-Jun-01,1.615,,
25-Jun-01,1.603,,
2-Jul-01,1.587,,
9-Jul-01,1.567,,
16-Jul-01,1.543,,
23-Jul-01,1.509,,
30-Jul-01,1.487,,
6-Aug-01,1.468,,
13-Aug-01,1.469,,
20-Aug-01,1.472,,
27-Aug-01,1.504,,
3-Sep-01,1.594,,
10-Sep-01,1.631,,
17-Sep-01,1.66,,
24-Sep-01,1.647,,
1-Oct-01,1.608,,
8-Oct-01,1.579,,
15-Oct-01,1.542,,
22-Oct-01,1.513,,
29-Oct-01,1.486,,
5-Nov-01,1.457,,
12-Nov-01,1.419,,
19-Nov-01,1.373,,
26-Nov-01,1.33,,
3-Dec-01,1.282,,
10-Dec-01,1.241,,
17-Dec-01,1.207,,
24-Dec-01,1.187,,
31-Dec-01,1.19,,
7-Jan-02,1.192,,
14-Jan-02,1.191,,
21-Jan-02,1.188,,
28-Jan-02,1.191,,
4-Feb-02,1.191,,
11-Feb-02,1.189,,
18-Feb-02,1.182,,
25-Feb-02,1.18,,
4-Mar-02,1.191,,
11-Mar-02,1.238,,
18-Mar-02,1.289,,
25-Mar-02,1.346,,
1-Apr-02,1.385,,
8-Apr-02,1.413,,
15-Apr-02,1.423,,
22-Apr-02,1.427,,
29-Apr-02,1.425,,
6-May-02,1.426,,
13-May-02,1.42,,
20-May-02,1.42,,
27-May-02,1.425,,
3-Jun-02,1.429,,
10-Jun-02,1.427,,
17-Jun-02,1.451,,
24-Jun-02,1.465,,
1-Jul-02,1.463,,
8-Jul-02,1.462,,
15-Jul-02,1.458,,
22-Jul-02,1.459,,
29-Jul-02,1.456,,
5-Aug-02,1.456,,
12-Aug-02,1.455,,
19-Aug-02,1.448,,
26-Aug-02,1.446,,
2-Sep-02,1.441,,
9-Sep-02,1.436,,
16-Sep-02,1.433,,
23-Sep-02,1.425,,
30-Sep-02,1.42,,
7-Oct-02,1.409,,
14-Oct-02,1.398,,
21-Oct-02,1.394,,
28-Oct-02,1.387,,
4-Nov-02,1.396,,
11-Nov-02,1.406,,
18-Nov-02,1.407,,
25-Nov-02,1.394,,
2-Dec-02,1.388,,
9-Dec-02,1.379,,
16-Dec-02,1.363,,
23-Dec-02,1.36,,
30-Dec-02,1.369,,
6-Jan-03,1.376,,
13-Jan-03,1.397,,
20-Jan-03,1.41,,
27-Jan-03,1.44,,
3-Feb-03,1.492,,
10-Feb-03,1.561,,
17-Feb-03,1.665,,
24-Feb-03,1.726,,
3-Mar-03,1.801,,
10-Mar-03,1.844,,
17-Mar-03,1.864,,
24-Mar-03,1.858,,
31-Mar-03,1.835,,
7-Apr-03,1.813,,
14-Apr-03,1.78,,
21-Apr-03,1.745,,
28-Apr-03,1.716,,
5-May-03,1.681,,
12-May-03,1.644,,
19-May-03,1.61,,
26-May-03,1.597,,
2-Jun-03,1.594,,
9-Jun-03,1.6,,
16-Jun-03,1.656,,
23-Jun-03,1.665,,
30-Jun-03,1.655,,
7-Jul-03,1.662,,
14-Jul-03,1.65,,
21-Jul-03,1.636,,
28-Jul-03,1.624,,
4-Aug-03,1.636,,
11-Aug-03,1.672,,
18-Aug-03,1.82,,
25-Aug-03,1.937,,
1-Sep-03,1.947,,
8-Sep-03,1.925,,
15-Sep-03,1.871,,
22-Sep-03,1.815,,
29-Sep-03,1.764,,
6-Oct-03,1.722,,
13-Oct-03,1.692,,
20-Oct-03,1.665,,
27-Oct-03,1.645,,
3-Nov-03,1.637,,
10-Nov-03,1.631,,
17-Nov-03,1.64,,
24-Nov-03,1.64,,
1-Dec-03,1.627,,
8-Dec-03,1.602,,
15-Dec-03,1.582,,
22-Dec-03,1.567,,
29-Dec-03,1.563,,
5-Jan-04,1.581,,
12-Jan-04,1.616,,
19-Jan-04,1.657,,
26-Jan-04,1.679,,
2-Feb-04,1.692,,
9-Feb-04,1.708,,
16-Feb-04,1.724,,
23-Feb-04,1.801,,
1-Mar-04,1.855,,
8-Mar-04,1.864,,
15-Mar-04,1.861,,
22-Mar-04,1.855,,
29-Mar-04,1.86,,
5-Apr-04,1.904,,
12-Apr-04,1.937,,
19-Apr-04,1.98,,
26-Apr-04,2.002,,
3-May-04,2.036,,
10-May-04,2.157,,
17-May-04,2.202,,
24-May-04,2.237,,
31-May-04,2.237,,
7-Jun-04,2.215,,
14-Jun-04,2.168,,
21-Jun-04,2.109,,
28-Jun-04,2.081,,
5-Jul-04,2.029,,
12-Jul-04,2.014,,
19-Jul-04,1.997,,
26-Jul-04,1.979,,
2-Aug-04,1.957,,
9-Aug-04,1.945,,
16-Aug-04,1.942,,
23-Aug-04,1.979,,
30-Aug-04,2.001,,
6-Sep-04,1.998,,
13-Sep-04,1.99,,
20-Sep-04,2.005,,
27-Sep-04,2.022,,
4-Oct-04,2.056,,
11-Oct-04,2.091,,
18-Oct-04,2.106,,
25-Oct-04,2.111,,
1-Nov-04,2.107,,
8-Nov-04,2.085,,
15-Nov-04,2.067,,
22-Nov-04,2.044,,
29-Nov-04,2.02,,
6-Dec-04,1.999,,
13-Dec-04,1.946,,
20-Dec-04,1.901,,
27-Dec-04,1.866,,
3-Jan-05,1.84,,
10-Jan-05,1.82,,
17-Jan-05,1.827,,
24-Jan-05,1.851,,
31-Jan-05,1.908,,
7-Feb-05,1.928,,
14-Feb-05,1.957,,
21-Feb-05,2.01,,
28-Feb-05,2.039,,
7-Mar-05,2.087,,
14-Mar-05,2.138,,
21-Mar-05,2.172,,
28-Mar-05,2.229,,
4-Apr-05,2.291,,
11-Apr-05,2.43,,
18-Apr-05,2.448,,
25-Apr-05,2.445,,
2-May-05,2.439,,
9-May-05,2.417,,
16-May-05,2.384,,
23-May-05,2.348,,
30-May-05,2.308,,
6-Jun-05,2.28,,
13-Jun-05,2.268,,
20-Jun-05,2.271,,
27-Jun-05,2.318,,
4-Jul-05,2.344,,
11-Jul-05,2.412,,
18-Jul-05,2.436,,
25-Jul-05,2.433,,
1-Aug-05,2.457,,
8-Aug-05,2.524,,
15-Aug-05,2.602,,
22-Aug-05,2.654,,
29-Aug-05,2.697,,
5-Sep-05,2.945,,
12-Sep-05,2.974,,
19-Sep-05,2.931,,
26-Sep-05,2.89,,
3-Oct-05,2.896,,
10-Oct-05,2.876,,
17-Oct-05,2.823,,
24-Oct-05,2.748,,
31-Oct-05,2.65,,
7-Nov-05,2.56,,
14-Nov-05,2.486,,
21-Nov-05,2.401,,
28-Nov-05,2.358,,
5-Dec-05,2.298,,
12-Dec-05,2.23,,
19-Dec-05,2.212,,
26-Dec-05,2.198,,
2-Jan-06,2.199,,
9-Jan-06,2.271,,
16-Jan-06,2.3,,
23-Jan-06,2.328,,
30-Jan-06,2.361,,
6-Feb-06,2.362,,
13-Feb-06,2.34,,
20-Feb-06,2.298,,
27-Feb-06,2.282,,
6-Mar-06,2.324,,
13-Mar-06,2.391,,
20-Mar-06,2.479,,
27-Mar-06,2.524,,
3-Apr-06,2.563,,
10-Apr-06,2.654,,
17-Apr-06,2.749,,
24-Apr-06,2.901,,
1-May-06,3.009,,
8-May-06,3.081,,
15-May-06,3.119,,
22-May-06,3.126,,
29-May-06,3.114,,
5-Jun-06,3.096,,
12-Jun-06,3.077,,
19-Jun-06,3.038,,
26-Jun-06,3.001,,
3-Jul-06,2.992,,
10-Jul-06,3.002,,
17-Jul-06,3.002,,
24-Jul-06,3.005,,
31-Jul-06,3.004,,
7-Aug-06,3.012,,
14-Aug-06,3.038,,
21-Aug-06,3.024,,
28-Aug-06,2.991,,
4-Sep-06,2.946,,
11-Sep-06,2.891,,
18-Sep-06,2.8,,
25-Sep-06,2.712,,
2-Oct-06,2.643,,
9-Oct-06,2.576,,
16-Oct-06,2.52,,
23-Oct-06,2.481,,
30-Oct-06,2.43,,
6-Nov-06,2.406,,
13-Nov-06,2.441,,
20-Nov-06,2.486,,
27-Nov-06,2.493,,
4-Dec-06,2.509,,
11-Dec-06,2.527,,
18-Dec-06,2.546,,
25-Dec-06,2.567,,
1-Jan-07,2.568,,
8-Jan-07,2.566,,
15-Jan-07,2.544,,
22-Jan-07,2.501,,
29-Jan-07,2.447,,
5-Feb-07,2.41,,
12-Feb-07,2.401,,
19-Feb-07,2.431,,
26-Feb-07,2.463,,
5-Mar-07,2.56,,
12-Mar-07,2.681,,
19-Mar-07,2.747,,
26-Mar-07,2.793,,
2-Apr-07,2.886,,
9-Apr-07,2.956,,
16-Apr-07,3.02,,
23-Apr-07,3.066,,
30-Apr-07,3.162,,
7-May-07,3.255,,
14-May-07,3.293,,
21-May-07,3.301,,
28-May-07,3.287,,
4-Jun-07,3.255,,
11-Jun-07,3.208,,
18-Jun-07,3.137,,
25-Jun-07,3.096,,
2-Jul-07,3.051,,
9-Jul-07,3.02,,
16-Jul-07,3.004,,
23-Jul-07,2.969,,
30-Jul-07,2.931,,
6-Aug-07,2.896,,
13-Aug-07,2.839,,
20-Aug-07,2.8,,
27-Aug-07,2.776,,
3-Sep-07,2.786,,
10-Sep-07,2.822,,
17-Sep-07,2.827,,
24-Sep-07,2.861,,
1-Oct-07,2.877,,
8-Oct-07,2.867,,
15-Oct-07,2.893,,
22-Oct-07,2.98,,
29-Oct-07,3.03,,
5-Nov-07,3.097,,
12-Nov-07,3.164,,
19-Nov-07,3.175,,
26-Nov-07,3.178,,
3-Dec-07,3.163,,
10-Dec-07,3.127,,
17-Dec-07,3.1,,
24-Dec-07,3.079,,
31-Dec-07,3.113,,
7-Jan-08,3.139,,
14-Jan-08,3.113,,
21-Jan-08,3.059,,
28-Jan-08,3.007,,
4-Feb-08,3.002,,
11-Feb-08,3.017,,
18-Feb-08,3.087,,
25-Feb-08,3.205,,
3-Mar-08,3.305,,
10-Mar-08,3.365,,
17-Mar-08,3.423,,
24-Mar-08,3.409,,
31-Mar-08,3.412,,
7-Apr-08,3.429,,
14-Apr-08,3.508,,
21-Apr-08,3.582,,
28-Apr-08,3.651,,
5-May-08,3.67,,
12-May-08,3.729,,
19-May-08,3.8,,
26-May-08,3.94,,
2-Jun-08,4.06,,
9-Jun-08,4.147,,
16-Jun-08,4.235,,
23-Jun-08,4.271,,
30-Jun-08,4.282,,
7-Jul-08,4.284,,
14-Jul-08,4.266,,
21-Jul-08,4.232,,
28-Jul-08,4.153,,
4-Aug-08,4.062,,
11-Aug-08,3.991,,
18-Aug-08,3.925,,
25-Aug-08,3.867,,
1-Sep-08,3.826,,
8-Sep-08,3.781,,
15-Sep-08,3.76,,
22-Sep-08,3.683,,
29-Sep-08,3.639,,
6-Oct-08,3.561,,
13-Oct-08,3.373,,
20-Oct-08,3.166,,
27-Oct-08,2.933,,
3-Nov-08,2.687,,
10-Nov-08,2.518,,
17-Nov-08,2.348,,
24-Nov-08,2.156,,
1-Dec-08,2.03,,
8-Dec-08,1.907,,
15-Dec-08,1.82,,
22-Dec-08,1.817,,
29-Dec-08,1.811,,
5-Jan-09,1.858,,
12-Jan-09,1.939,,
19-Jan-09,2.003,,
26-Jan-09,2.021,,
2-Feb-09,2.056,,
9-Feb-09,2.14,,
16-Feb-09,2.199,,
23-Feb-09,2.186,,
2-Mar-09,2.168,,
9-Mar-09,2.151,,
16-Mar-09,2.125,,
23-Mar-09,2.137,,
30-Mar-09,2.196,,
6-Apr-09,2.213,,
13-Apr-09,2.233,,
20-Apr-09,2.24,,
27-Apr-09,2.241,,
4-May-09,2.264,,
11-May-09,2.342,,
18-May-09,2.401,,
25-May-09,2.512,,
1-Jun-09,2.595,,
8-Jun-09,2.688,,
15-Jun-09,2.781,,
22-Jun-09,2.826,,
29-Jun-09,2.8,,
6-Jul-09,2.801,,
13-Jul-09,2.746,,
20-Jul-09,2.702,,
27-Jul-09,2.703,,
3-Aug-09,2.747,,
10-Aug-09,2.835,,
17-Aug-09,2.842,,
24-Aug-09,2.84,,
31-Aug-09,2.86,,
7-Sep-09,2.884,,
14-Sep-09,2.905,,
21-Sep-09,2.896,,
28-Sep-09,2.849,,
5-Oct-09,2.793,,
12-Oct-09,2.747,,
19-Oct-09,2.725,,
26-Oct-09,2.771,,
2-Nov-09,2.816,,
9-Nov-09,2.814,,
16-Nov-09,2.815,,
23-Nov-09,2.82,,
30-Nov-09,2.813,,
7-Dec-09,2.81,,
14-Dec-09,2.794,,
21-Dec-09,2.772,,
28-Dec-09,2.77,,
4-Jan-10,2.795,,
11-Jan-10,2.87,,
18-Jan-10,2.87,,
25-Jan-10,2.86,,
1-Feb-10,2.84,,
8-Feb-10,2.825,,
15-Feb-10,2.798,,
22-Feb-10,2.82,,
1-Mar-10,2.87,,
8-Mar-10,2.912,,
15-Mar-10,2.941,,
22-Mar-10,2.959,,
29-Mar-10,2.972,,
5-Apr-10,2.979,,
12-Apr-10,3.019,,
19-Apr-10,3.029,,
26-Apr-10,3.035,,
3-May-10,3.044,,
10-May-10,3.056,,
17-May-10,3.031,,
24-May-10,2.984,,
31-May-10,2.94,,
7-Jun-10,2.948,,
14-Jun-10,2.938,,
21-Jun-10,2.961,,
28-Jun-10,2.966,,
5-Jul-10,2.974,,
12-Jul-10,2.966,,
19-Jul-10,2.988,,
26-Jul-10,3.018,,
2-Aug-10,3.024,,
9-Aug-10,3.053,,
16-Aug-10,3.049,,
23-Aug-10,3.033,,
30-Aug-10,3.002,,
6-Sep-10,2.973,,
13-Sep-10,2.953,,
20-Sep-10,2.946,,
27-Sep-10,2.932,,
4-Oct-10,2.936,,
11-Oct-10,2.982,,
18-Oct-10,3.018,,
25-Oct-10,3.017,,
1-Nov-10,3.007,,
8-Nov-10,3.016,,
15-Nov-10,3.049,,
22-Nov-10,3.057,,
29-Nov-10,3.046,,
6-Dec-10,3.088,,
13-Dec-10,3.115,,
20-Dec-10,3.117,,
27-Dec-10,3.134,,
3-Jan-11,3.155,,
10-Jan-11,3.175,,
17-Jan-11,3.215,,
24-Jan-11,3.22,,
31-Jan-11,3.216,,
7-Feb-11,3.253,,
14-Feb-11,3.291,,
21-Feb-11,3.376,,
28-Feb-11,3.482,,
7-Mar-11,3.609,,
14-Mar-11,3.671,,
21-Mar-11,3.698,,
28-Mar-11,3.762,,
4-Apr-11,3.81,,
11-Apr-11,3.861,,
18-Apr-11,3.916,,
25-Apr-11,3.938,,
2-May-11,3.987,,
9-May-11,4.013,,
16-May-11,3.986,,
23-May-11,3.93,,
30-May-11,3.889,,
6-Jun-11,3.867,,
13-Jun-11,3.84,,
20-Jun-11,3.814,,
27-Jun-11,3.774,,
4-Jul-11,3.729,,
11-Jul-11,3.721,,
18-Jul-11,3.725,,
25-Jul-11,3.722,,
1-Aug-11,3.727,,
8-Aug-11,3.726,,
15-Aug-11,3.7,,
22-Aug-11,3.685,,
29-Aug-11,3.719,,
5-Sep-11,3.798,,
12-Sep-11,3.808,,
19-Sep-11,3.812,,
26-Sep-11,3.798,,
3-Oct-11,3.751,,
10-Oct-11,3.724,,
17-Oct-11,3.737,,
24-Oct-11,3.755,,
31-Oct-11,3.733,,
7-Nov-11,3.702,,
14-Nov-11,3.689,,
21-Nov-11,3.639,,
28-Nov-11,3.595,,
5-Dec-11,3.541,,
12-Dec-11,3.495,,
19-Dec-11,3.427,,
26-Dec-11,3.424,,
2-Jan-12,3.436,,
9-Jan-12,3.468,,
16-Jan-12,3.481,,
23-Jan-12,3.496,,
30-Jan-12,3.521,,
6-Feb-12,3.543,,
13-Feb-12,3.559,,
20-Feb-12,3.673,,
27-Feb-12,3.858,,
5-Mar-12,3.93,,
12-Mar-12,3.96,,
19-Mar-12,4.005,,
26-Mar-12,4.061,,
2-Apr-12,4.106,,
9-Apr-12,4.109,,
16-Apr-12,4.097,,
23-Apr-12,4.076,,
30-Apr-12,4.046,,
7-May-12,4.042,,
14-May-12,4.119,,
21-May-12,4.143,,
28-May-12,4.157,,
4-Jun-12,4.132,,
11-Jun-12,4.05,,
18-Jun-12,3.92,,
25-Jun-12,3.766,,
2-Jul-12,3.666,,
9-Jul-12,3.62,,
16-Jul-12,3.59,,
23-Jul-12,3.616,,
30-Jul-12,3.617,,
6-Aug-12,3.64,,
13-Aug-12,3.777,,
20-Aug-12,3.864,,
27-Aug-12,3.903,,
3-Sep-12,3.948,,
10-Sep-12,3.97,,
17-Sep-12,3.979,,
24-Sep-12,3.959,,
1-Oct-12,3.97,,
8-Oct-12,4.041,,
15-Oct-12,4.053,,
22-Oct-12,3.972,,
29-Oct-12,3.869,,
5-Nov-12,3.759,,
12-Nov-12,3.679,,
19-Nov-12,3.602,,
26-Nov-12,3.564,,
3-Dec-12,3.507,,
10-Dec-12,3.452,,
17-Dec-12,3.38,,
24-Dec-12,3.343,,
31-Dec-12,3.349,,
7-Jan-13,3.345,,
14-Jan-13,3.326,,
21-Jan-13,3.316,,
28-Jan-13,3.342,,
4-Feb-13,3.477,,
11-Feb-13,3.584,,
18-Feb-13,3.675,,
25-Feb-13,3.788,,
4-Mar-13,3.831,,
11-Mar-13,3.846,,
18-Mar-13,3.824,,
25-Mar-13,3.79,,
1-Apr-13,3.771,,
8-Apr-13,3.766,,
15-Apr-13,3.731,,
22-Apr-13,3.695,,
29-Apr-13,3.655,,
6-May-13,3.688,,
13-May-13,3.829,,
20-May-13,3.863,,
27-May-13,3.843,,
3-Jun-13,3.796,,
10-Jun-13,3.77,,
17-Jun-13,3.761,,
24-Jun-13,3.775,,
1-Jul-13,3.75,,
8-Jul-13,3.737,,
15-Jul-13,3.821,,
22-Jul-13,3.858,,
29-Jul-13,3.852,,
5-Aug-13,3.834,,
12-Aug-13,3.796,,
19-Aug-13,3.747,,
26-Aug-13,3.706,,
2-Sep-13,3.686,,
9-Sep-13,3.679,,
16-Sep-13,3.7,,
23-Sep-13,3.688,,
30-Sep-13,3.644,,
7-Oct-13,3.606,,
14-Oct-13,3.56,,
21-Oct-13,3.523,,
28-Oct-13,3.476,,
4-Nov-13,3.442,,
11-Nov-13,3.392,,
18-Nov-13,3.355,,
25-Nov-13,3.346,,
2-Dec-13,3.342,,
9-Dec-13,3.343,,
16-Dec-13,3.335,,
23-Dec-13,3.333,,
30-Dec-13,3.351,,
6-Jan-14,3.371,,
13-Jan-14,3.367,,
20-Jan-14,3.347,,
27-Jan-14,3.343,,
3-Feb-14,3.345,,
10-Feb-14,3.349,,
17-Feb-14,3.382,,
24-Feb-14,3.433,,
3-Mar-14,3.49,,
10-Mar-14,3.549,,
17-Mar-14,3.6,,
24-Mar-14,3.619,,
31-Mar-14,3.656,,
7-Apr-14,3.678,,
14-Apr-14,3.725,,
21-Apr-14,3.775,,
28-Apr-14,3.82,,
5-May-14,3.824,,
12-May-14,3.827,,
19-May-14,3.825,,
26-May-14,3.837,,
2-Jun-14,3.86,,
9-Jun-14,3.862,,
16-Jun-14,3.883,,
23-Jun-14,3.922,,
30-Jun-14,3.938,,
7-Jul-14,3.949,,
14-Jul-14,3.914,,
21-Jul-14,3.89,,
28-Jul-14,3.869,,
4-Aug-14,3.86,,
11-Aug-14,3.844,,
18-Aug-14,3.828,,
25-Aug-14,3.813,,
1-Sep-14,3.794,,
8-Sep-14,3.782,,
15-Sep-14,3.743,,
22-Sep-14,3.684,,
29-Sep-14,3.64,,
6-Oct-14,3.588,,
13-Oct-14,3.5,,
20-Oct-14,3.383,,
27-Oct-14,3.277,,
3-Nov-14,3.195,,
10-Nov-14,3.152,,
17-Nov-14,3.126,,
24-Nov-14,3.085,,
1-Dec-14,3.045,,
8-Dec-14,2.953,,
15-Dec-14,2.837,,
22-Dec-14,2.7,,
29-Dec-14,2.61,,
5-Jan-15,2.528,,
12-Jan-15,2.396,,
19-Jan-15,2.293,,
26-Jan-15,2.21,,
2-Feb-15,2.188,,
9-Feb-15,2.256,,
16-Feb-15,2.355,,
23-Feb-15,2.45,,
2-Mar-15,2.679,,
9-Mar-15,2.796,,
16-Mar-15,2.761,,
23-Mar-15,2.726,,
30-Mar-15,2.701,,
6-Apr-15,2.686,,
13-Apr-15,2.677,,
20-Apr-15,2.709,,
27-Apr-15,2.806,,
4-May-15,2.961,,
11-May-15,2.99,,
18-May-15,3.047,,
25-May-15,3.067,,
1-Jun-15,3.062,,
8-Jun-15,3.059,,
15-Jun-15,3.091,,
22-Jun-15,3.137,,
29-Jun-15,3.138,,
6-Jul-15,3.138,,
13-Jul-15,3.159,,
20-Jul-15,3.142,,
27-Jul-15,3.133,,
3-Aug-15,3.115,,
10-Aug-15,3.065,,
17-Aug-15,3.04,,
24-Aug-15,3.002,,
31-Aug-15,2.918,,
7-Sep-15,2.861,,
14-Sep-15,2.779,,
21-Sep-15,2.698,,
28-Sep-15,2.631,,
5-Oct-15,2.561,,
12-Oct-15,2.518,,
19-Oct-15,2.478,,
26-Oct-15,2.449,,
2-Nov-15,2.416,,
9-Nov-15,2.465,,
16-Nov-15,2.452,,
23-Nov-15,2.413,,
30-Nov-15,2.376,,
7-Dec-15,2.358,,
14-Dec-15,2.34,,
21-Dec-15,2.352,,
28-Dec-15,2.365,,
4-Jan-16,2.369,,
11-Jan-16,2.333,,
18-Jan-16,2.264,,
25-Jan-16,2.208,,
1-Feb-16,2.136,,
8-Feb-16,2.073,,
15-Feb-16,1.998,,
22-Feb-16,1.953,,
29-Feb-16,1.951,,
7-Mar-16,1.987,,
14-Mar-16,2.106,,
21-Mar-16,2.176,,
28-Mar-16,2.234,,
4-Apr-16,2.261,,
11-Apr-16,2.26,,
18-Apr-16,2.303,,
25-Apr-16,2.312,,
2-May-16,2.369,,
9-May-16,2.414,,
16-May-16,2.444,,
23-May-16,2.462,,
30-May-16,2.484,,
6-Jun-16,2.509,,
13-Jun-16,2.528,,
20-Jun-16,2.52,,
27-Jun-16,2.529,,
4-Jul-16,2.554,,
11-Jul-16,2.553,,
18-Jul-16,2.541,,
25-Jul-16,2.523,,
1-Aug-16,2.49,,
8-Aug-16,2.462,,
15-Aug-16,2.428,,
22-Aug-16,2.43,,
29-Aug-16,2.467,,
5-Sep-16,2.473,,
12-Sep-16,2.5,,
19-Sep-16,2.534,,
26-Sep-16,2.534,,
3-Oct-16,2.532,,
10-Oct-16,2.529,,
17-Oct-16,2.534,,
24-Oct-16,2.552,,
31-Oct-16,2.557,,
7-Nov-16,2.553,,
14-Nov-16,2.531,,
21-Nov-16,2.493,,
28-Nov-16,2.472,,
5-Dec-16,2.448,,
12-Dec-16,2.433,,
19-Dec-16,2.442,,
26-Dec-16,2.47,,
2-Jan-17,2.512,,
9-Jan-17,2.546,,
16-Jan-17,2.57,,
23-Jan-17,2.571,,
30-Jan-17,2.559,,
6-Feb-17,2.56,,
13-Feb-17,2.567,,
20-Feb-17,2.574,,
27-Feb-17,2.606,,
6-Mar-17,2.627,,
13-Mar-17,2.676,,
20-Mar-17,2.678,,
27-Mar-17,2.68,,
3-Apr-17,2.702,,
10-Apr-17,2.729,,
17-Apr-17,2.741,,
24-Apr-17,2.761,,
1-May-17,2.755,,
8-May-17,2.735,,
15-May-17,2.725,,
22-May-17,2.74,,
29-May-17,2.755,,
5-Jun-17,2.746,,
12-Jun-17,2.72,,
19-Jun-17,2.701,,
26-Jun-17,2.683,,
3-Jul-17,2.67,,
10-Jul-17,2.677,,
17-Jul-17,2.669,,
24-Jul-17,2.659,,
31-Jul-17,2.664,,
7-Aug-17,2.674,,
14-Aug-17,2.697,,
21-Aug-17,2.736,,
28-Aug-17,2.773,,
4-Sep-17,2.858,,
11-Sep-17,2.878,,
18-Sep-17,2.871,,
25-Sep-17,2.854,,
2-Oct-17,2.822,,
9-Oct-17,2.789,,
16-Oct-17,2.776,,
23-Oct-17,2.763,,
30-Oct-17,2.765,,
6-Nov-17,2.796,,
13-Nov-17,2.844,,
20-Nov-17,2.844,,
27-Nov-17,2.835,,
4-Dec-17,2.822,,
11-Dec-17,2.807,,
18-Dec-17,2.793,,
25-Dec-17,2.759,,
1-Jan-18,2.765,,
8-Jan-18,2.775,,
15-Jan-18,2.779,,
22-Jan-18,2.787,,
29-Jan-18,2.814,,
5-Feb-18,2.842,,
12-Feb-18,2.854,,
19-Feb-18,2.84,,
26-Feb-18,2.84,,
5-Mar-18,2.86,,
12-Mar-18,2.875,,
19-Mar-18,2.932,,
26-Mar-18,2.997,,
2-Apr-18,3.035,,
9-Apr-18,3.072,,
16-Apr-18,3.12,,
23-Apr-18,3.153,,
30-Apr-18,3.189,,
7-May-18,3.235,,
14-May-18,3.239,,
21-May-18,3.272,,
28-May-18,3.302,,
4-Jun-18,3.304,,
11-Jun-18,3.291,,
18-Jun-18,3.282,,
25-Jun-18,3.264,,
2-Jul-18,3.255,,
9-Jul-18,3.252,,
16-Jul-18,3.248,,
23-Jul-18,3.234,,
30-Jul-18,3.227,,
6-Aug-18,3.22,,
13-Aug-18,3.211,,
20-Aug-18,3.201,,
27-Aug-18,3.193,,
3-Sep-18,3.205,,
10-Sep-18,3.215,,
17-Sep-18,3.212,,
24-Sep-18,3.214,,
1-Oct-18,3.23,,
8-Oct-18,3.268,,
15-Oct-18,3.324,,
22-Oct-18,3.332,,
29-Oct-18,3.322,,
5-Nov-18,3.296,,
12-Nov-18,3.257,,
19-Nov-18,3.202,,
26-Nov-18,3.178,,
3-Dec-18,3.113,,
10-Dec-18,3.054,,
17-Dec-18,2.978,,
24-Dec-18,2.934,,
31-Dec-18,2.908,,
7-Jan-19,2.858,,
14-Jan-19,2.813,,
21-Jan-19,2.774,,
28-Jan-19,2.745,,
4-Feb-19,2.713,,
11-Feb-19,2.711,,
18-Feb-19,2.711,,
25-Feb-19,2.704,,
4-Mar-19,2.717,,
11-Mar-19,2.747,,
18-Mar-19,2.807,,
25-Mar-19,2.902,,
1-Apr-19,2.987,,
8-Apr-19,3.095,,
15-Apr-19,3.215,,
22-Apr-19,3.291,,
29-Apr-19,3.342,,
6-May-19,3.393,,
13-May-19,3.404,,
20-May-19,3.396,,
27-May-19,3.385,,
3-Jun-19,3.362,,
10-Jun-19,3.298,,
17-Jun-19,3.238,,
24-Jun-19,3.174,,
1-Jul-19,3.161,,
8-Jul-19,3.141,,
15-Jul-19,3.12,,
22-Jul-19,3.101,,
29-Jul-19,3.078,,
5-Aug-19,3.063,,
12-Aug-19,3.043,,
19-Aug-19,3.033,,
26-Aug-19,3.01,,
2-Sep-19,2.992,,
9-Sep-19,3,,
16-Sep-19,2.997,,
23-Sep-19,3.02,,
30-Sep-19,3.083,,
7-Oct-19,3.137,,
14-Oct-19,3.204,,
21-Oct-19,3.25,,
28-Oct-19,3.248,,
4-Nov-19,3.252,,
11-Nov-19,3.246,,
18-Nov-19,3.216,,
25-Nov-19,3.174,,
2-Dec-19,3.141,,
9-Dec-19,3.092,,
16-Dec-19,3.025,,
23-Dec-19,2.981,,
30-Dec-19,2.972,,
6-Jan-20,2.952,,
13-Jan-20,2.942,,
20-Jan-20,2.919,,
27-Jan-20,2.91,,
3-Feb-20,2.899,,
10-Feb-20,2.898,,
17-Feb-20,2.886,,
24-Feb-20,2.892,,
2-Mar-20,2.888,,
9-Mar-20,2.871,,
16-Mar-20,2.805,,
23-Mar-20,2.677,,
30-Mar-20,2.551,,
